drip_subsidy_amount,drip_adoption,farm_water
300,0,43.77493
400,0,45.42986
200,0,42.19244
500,0,6.670301
400,0,21.91213
200,0,49.26913
300,1,73.00059
300,0,6.292807
100,0,75.88676
500,0,0
100,0,68.91022
100,0,71.32417
100,0,8.442039
300,1,64.62238
300,0,14.77247
100,0,71.94585
500,1,67.04465
300,0,47.00907
500,0,2.549632
200,0,54.16602
500,1,68.78802
400,0,9.728842
200,0,100.1974
100,0,6.892181
200,0,70.33253
400,0,3.646877
500,0,17.18864
500,1,41.62972
100,0,52.73529
200,0,64.01651
200,0,38.4125
500,1,47.37101
200,0,96.99712
300,0,48.27861
400,1,57.8147
500,0,35.1687
300,0,47.58017
400,1,63.45587
300,0,75.00791
300,1,64.76931
200,0,83.65423
100,0,21.67952
300,1,78.61953
100,0,67.19955
200,0,100.9994
300,0,74.33164
500,1,83.06881
500,1,33.58696
500,0,0
100,0,22.2793
300,0,71.3468
300,0,72.36802
200,0,89.65963
300,0,.8205949
200,0,11.97422
500,1,84.05293
100,0,43.34875
400,0,34.35385
400,1,74.9957
400,0,15.99674
200,0,24.75351
200,0,8.651896
100,0,6.041462
500,1,69.91691
100,0,57.5365
500,1,24.15423
100,0,91.21261
500,1,56.76494
500,1,52.05204
400,1,59.10211
200,0,72.82003
100,0,38.48251
300,0,45.99099
200,0,56.5102
300,1,66.53604
100,0,61.73254
500,0,37.36428
500,1,60.20322
300,1,82.55576
100,0,85.02996
200,0,91.86381
500,1,72.76718
400,1,46.61881
200,0,51.99108
300,1,62.51598
500,1,23.02649
500,0,5.611904
100,0,75.20038
400,0,54.37132
500,0,32.71814
200,0,8.97301
300,0,67.84255
200,0,71.01836
100,0,85.8008
200,0,84.26766
100,0,89.86764
200,0,77.30459
200,0,44.86324
200,0,32.75465
400,0,37.65577
100,0,96.13409
200,0,91.16753
400,0,28.95945
200,0,64.31495
300,0,43.96169
400,0,39.7037
500,1,22.98255
400,1,76.76596
500,0,0
100,0,55.20244
100,0,46.33968
500,0,19.16648
400,0,0
200,0,51.94468
400,0,33.59221
500,1,56.57699
100,0,64.09534
300,0,5.417902
400,1,76.12067
200,0,27.15355
500,0,44.03763
200,0,66.32337
300,0,45.54403
300,0,40.28511
500,1,64.14999
200,0,93.63858
500,0,10.83413
100,0,33.90795
200,0,5.440883
500,1,66.64394
400,0,19.54743
300,0,1.694385
100,0,9.119921
100,0,71.44472
500,1,33.41287
100,0,37.26884
300,0,71.68252
100,0,87.19244
300,0,20.66815
300,0,33.54701
500,0,8.501078
500,1,45.8672
200,0,32.88389
300,1,78.46584
300,0,30.56448
400,0,6.729704
100,0,56.04729
500,1,68.0495
400,0,29.40964
200,0,22.98716
100,0,11.87772
100,0,85.26645
300,1,61.26323
500,0,37.18197
200,0,3.987216
400,1,46.37042
400,0,36.93046
500,1,58.93678
300,0,44.30934
100,0,88.75526
200,0,55.24517
100,0,86.78281
400,0,1.050321
200,0,40.24757
300,0,20.34302
400,0,0
500,0,8.989882
200,0,29.49283
100,0,34.84919
300,0,52.78227
100,0,71.93913
100,0,94.05182
500,0,38.87432
200,0,10.3667
400,0,55.66956
500,1,83.2466
100,0,36.5074
300,0,45.90823
200,0,40.70835
500,0,13.07631
100,0,44.91573
200,0,104.2134
300,0,28.17516
200,0,84.03062
100,0,97.31414
100,0,.6798529
100,0,48.84495
400,0,51.14115
500,0,37.28731
400,0,52.47417
100,0,66.02049
200,0,69.58702
300,0,34.57984
100,0,11.05305
300,0,41.01742
100,0,16.13261
100,0,57.00313
500,0,28.52742
300,0,55.83133
100,0,0
500,1,28.39476
300,0,15.83027
300,1,81.85773
400,0,19.30875
400,0,53.74353
300,1,82.1002
400,0,6.03359
300,0,73.15884
200,0,37.37366
100,0,10.25473
200,0,30.35182
500,1,27.67367
400,1,67.60902
400,0,0
300,0,43.00377
500,1,72.22189
300,0,48.84464
100,0,44.53413
500,1,82.68708
400,0,49.27355
200,0,13.38801
500,1,29.06486
400,0,47.96212
400,1,76.7818
300,0,61.78754
400,0,33.60289
200,0,23.373
200,0,19.80599
200,0,20.24743
100,0,51.08873
300,0,81.09556
300,0,58.11991
200,0,96.12773
400,1,68.69688
100,0,0
400,1,62.48281
100,0,15.9404
300,0,33.27801
100,0,62.70469
400,1,35.18404
500,0,27.38683
300,0,39.45652
200,0,32.16175
300,0,51.95731
400,1,42.94624
100,0,19.71682
200,0,83.70197
100,0,82.46735
500,1,25.25409
200,0,12.93131
300,0,35.5517
200,1,79.41331
400,0,39.69418
500,0,38.43116
100,0,82.79504
100,0,44.49708
200,0,12.63715
300,0,62.72435
500,1,59.0587
100,0,35.08522
400,1,71.04428
300,0,75.91803
400,0,19.11718
300,0,49.98019
300,0,67.2687
500,0,19.59995
400,0,29.89095
400,1,61.75247
500,0,4.92921
300,0,22.24346
400,0,0
400,0,15.93229
100,0,85.70131
400,0,16.36669
400,1,68.77966
500,1,51.22445
500,1,67.00193
200,0,4.208898
300,1,71.43221
100,0,49.75614
100,0,65.71875
400,1,88.44369
300,0,76.60867
500,1,50.6779
200,0,90.18523
400,0,57.6639
500,1,84.19039
300,0,22.68152
500,1,49.56844
400,1,78.11307
400,0,50.40131
400,0,47.66908
200,0,15.65545
400,0,29.82106
200,0,22.93311
100,0,36.64193
200,0,84.03931
400,1,33.64309
500,1,83.74423
300,0,41.2038
300,0,7.38774
100,0,65.01406
500,1,49.9724
200,0,31.05943
200,0,25.87955
200,0,50.38548
400,0,56.37398
300,0,3.901485
200,0,0
500,0,10.9784
100,0,21.19193
200,0,97.27409
400,1,56.43729
400,0,18.23035
200,0,74.06709
100,0,47.45188
200,0,71.14185
200,0,9.909913
500,1,43.94531
200,1,85.07708
400,0,51.23528
400,0,46.92188
400,1,84.99902
100,0,49.5144
300,0,14.80835
200,0,14.40415
200,0,52.95393
200,0,83.87273
400,1,63.63596
500,0,25.33574
400,1,60.01401
100,0,56.0662
100,0,92.63416
500,1,41.29013
500,1,72.78824
100,0,49.13269
400,0,37.0963
200,0,33.57231
300,0,5.445476
400,1,90.9837
300,1,68.86988
200,0,87.38702
300,0,36.49977
500,1,35.67288
400,1,55.85289
100,0,67.36898
100,0,26.84231
500,1,81.66444
300,0,23.10515
500,1,77.19749
400,0,0
100,0,5.41001
400,1,40.46087
100,0,93.05637
500,1,74.29157
200,0,58.26892
100,0,32.19197
200,0,27.85193
500,0,17.8496
400,0,15.86752
500,1,21.86944
400,1,47.88671
100,0,89.30162
500,1,69.91595
100,0,2.470641
500,1,68.83286
300,0,44.59695
300,0,9.229538
100,0,18.62562
500,0,9.718072
100,0,94.20986
300,0,33.57838
400,0,50.54012
300,0,28.48177
200,0,5.352044
100,0,67.62238
100,0,101.8862
400,1,59.5077
400,0,9.299706
200,0,10.39867
300,0,61.8715
500,1,30.55343
200,0,47.44017
400,1,78.71914
200,0,17.29469
300,1,84.23543
400,1,66.43951
300,0,9.305365
100,0,104.4922
300,0,11.97059
400,0,28.91168
500,0,2.222432
300,1,88.23186
300,1,70.25539
500,0,3.068282
400,0,60.92288
300,0,62.37261
500,1,30.23178
500,1,72.14153
500,0,27.72669
500,0,23.02101
300,1,85.09107
500,0,40.10932
500,1,40.00202
200,0,71.39489
500,1,39.3526
200,0,44.1487
400,1,82.91331
300,0,42.43885
100,0,58.99797
100,0,59.8166
500,1,33.33419
200,0,58.69078
400,0,29.23845
200,0,44.2732
100,0,62.39878
200,0,50.75843
300,0,0
400,0,55.40904
300,0,17.37298
500,0,23.47635
300,0,68.08948
200,0,32.21336
400,0,40.54502
500,0,14.73059
100,0,29.87483
400,0,3.185385
400,0,6.54268
500,0,28.13144
500,1,57.27851
500,1,31.78147
400,0,30.90983
500,1,40.24792
500,0,26.93322
100,0,111.5146
400,1,44.03806
100,0,0
500,1,60.56559
300,0,50.78971
200,0,78.30923
100,0,30.28992
400,1,79.15364
500,0,13.26697
100,0,12.71552
200,0,41.73278
500,0,0
300,0,64.35
500,1,23.08144
500,1,26.67691
500,1,60.61202
300,0,17.65089
200,0,26.37812
400,1,76.10646
500,1,32.72103
400,0,15.04911
100,0,8.370257
200,0,60.62841
100,0,21.25956
300,1,68.50618
200,0,99.76093
200,0,71.3574
100,0,84.16226
500,1,92.80514
100,0,54.05737
300,0,62.37812
400,0,33.40596
100,0,51.84212
500,0,18.41316
200,0,60.46191
300,0,63.3073
400,0,12.06125
400,1,78.92398
200,0,51.21621
200,0,29.37381
500,1,19.65639
300,0,16.47165
100,0,32.67115
400,0,32.59039
400,1,79.76257
400,0,42.85406
200,0,51.91929
100,0,46.74233
200,0,48.38513
100,0,47.38978
300,0,13.63291
100,0,81.32127
100,0,12.74057
300,1,68.0993
300,0,0
400,0,57.05244
200,0,86.79789
500,0,27.34232
100,0,71.53149
200,0,36.86313
100,0,1.778933
400,0,37.66214
400,0,48.1842
400,0,55.50723
500,0,25.55161
500,0,21.54604
400,1,52.2046
400,1,62.06108
300,0,7.724194
300,0,16.86042
500,0,6.751961
300,0,42.90211
300,0,48.26957
500,0,20.21597
300,0,67.75018
500,1,39.94144
400,0,35.93785
400,0,17.3986
100,0,88.42123
200,0,36.33942
100,0,97.91056
300,0,57.8576
400,1,56.40289
500,1,37.68307
500,1,57.66515
400,1,67.49491
400,1,86.87486
200,0,41.28757
500,1,61.22165
200,0,32.31955
100,0,3.613596
300,1,74.71871
400,1,64.20029
500,0,8.100025
400,1,79.19173
400,0,35.44994
300,0,54.28317
200,0,66.92716
200,0,75.0485
300,0,22.57475
300,1,86.68398
300,0,21.65386
100,0,25.55907
400,1,72.62971
200,0,23.15989
500,1,32.81908
200,0,52.54617
200,0,95.17281
500,0,17.45336
200,0,81.32037
100,0,49.43576
200,0,0
300,0,34.67418
300,0,5.188912
200,0,77.52954
400,0,14.58796
100,0,12.41595
400,0,56.10769
500,1,62.0213
200,0,48.58497
500,0,17.5976
400,1,71.03998
300,1,80.63206
300,0,47.88612
200,0,85.24071
400,0,29.4236
100,0,21.94756
400,0,52.95798
500,1,28.6029
400,1,70.66323
200,0,9.327244
400,0,4.849302
200,0,0
400,0,19.18339
500,0,.8869104
300,1,69.18325
500,1,58.70773
100,0,53.18401
400,0,13.20441
100,0,70.57144
400,0,38.21439
300,0,48.28791
500,1,50.38355
200,0,1.854054
300,0,44.4308
400,1,55.28325
500,1,63.92656
200,0,79.86111
100,0,49.11334
500,1,44.38161
500,1,60.45475
500,1,44.02657
400,0,11.04002
400,0,54.56473
500,1,48.97778
200,0,32.75013
200,0,96.01633
400,1,70.35997
300,0,63.05613
100,0,8.945822
200,0,70.91962
300,0,75.5642
100,0,9.725505
200,0,84.88441
300,0,34.62885
200,0,41.64643
300,0,25.86393
400,1,78.1042
300,1,69.43493
500,0,0
300,0,14.4028
300,0,46.82335
200,0,74.75325
200,0,30.36142
100,0,57.68103
200,0,8.749969
200,0,55.94944
100,0,88.13427
100,0,20.14639
200,0,49.53668
500,0,16.587
500,0,23.16394
300,0,49.17314
500,0,8.995885
100,0,42.65779
400,0,29.70462
300,0,44.11615
100,0,89.84096
500,0,38.71305
300,1,62.46951
500,0,0
300,1,63.15786
300,1,72.20896
400,0,37.98226
500,1,44.88708
100,0,57.6477
500,1,74.20739
400,0,32.25127
400,1,71.46925
300,1,76.89568
400,0,37.23822
100,0,13.15533
400,1,55.20301
200,1,89.18382
200,0,79.27673
200,0,0
500,1,25.431
100,0,34.089
500,1,71.24649
300,0,44.17467
200,0,63.21391
100,0,54.38365
400,1,66.35902
200,0,89.72574
100,0,59.07156
400,1,77.87324
400,1,68.45152
400,1,43.12461
200,0,44.30225
100,0,43.01013
400,1,56.02834
300,1,82.33958
100,0,101.7698
300,0,47.92085
100,0,74.95869
200,0,6.51299
200,0,22.26383
100,0,79.96718
100,0,61.42213
100,0,76.96136
100,0,47.0977
500,1,32.39128
100,0,28.43395
200,0,0
100,0,43.78694
100,0,41.62606
300,0,85.55474
200,0,28.56207
300,1,54.44506
100,0,38.9956
300,1,80.99101
400,0,37.90916
300,0,9.724286
100,0,34.89135
400,0,7.279828
100,0,50.44202
300,1,72.91248
500,1,74.41449
300,0,57.69274
300,0,38.82711
100,0,60.25193
400,0,10.45978
100,0,90.11816
300,0,60.94573
400,1,80.43028
300,0,31.3673
400,0,49.1964
400,1,83.53506
100,0,51.19801
400,0,3.035852
400,0,24.67446
100,0,22.95489
400,0,15.21069
100,0,30.31549
500,1,34.10844
300,0,17.83916
500,1,83.31767
200,0,35.5097
100,0,38.03143
100,0,91.54282
100,0,41.50668
200,0,39.35693
500,0,18.92362
400,1,69.49142
500,1,49.82042
200,0,86.35273
500,0,8.253236
300,0,6.524113
100,0,2.801999
400,0,10.08488
200,0,64.20975
100,0,52.77695
100,0,83.54638
400,1,57.79642
500,1,47.45544
500,1,63.8187
200,0,3.011382
500,0,27.99947
300,0,35.36708
300,0,10.80946
200,0,4.531138
100,0,85.45361
400,1,41.9488
400,1,67.54899
300,0,20.53956
300,0,54.35758
500,0,35.81675
200,0,87.29057
400,0,37.0325
300,1,78.50974
100,0,5.802083
300,0,48.84569
100,0,20.05877
400,0,8.74706
300,1,64.27534
500,1,35.44107
400,1,66.62131
200,0,74.57236
400,0,50.84821
300,1,73.67785
500,0,7.484748
500,1,53.33313
200,0,53.86251
200,0,65.29824
500,0,39.41538
100,0,73.89672
300,0,39.68653
100,0,2.589766
200,0,50.56567
400,1,61.59691
200,0,69.9287
300,0,22.88706
200,0,39.59357
200,0,47.22509
400,0,51.77901
400,1,55.8456
200,0,2.82404
100,0,58.66148
400,0,52.01408
300,0,7.030899
200,0,1.719575
300,0,50.56585
100,0,88.29641
200,0,57.00692
300,0,75.58804
500,1,40.25067
300,1,77.13966
200,0,40.8541
500,1,51.1538
300,0,53.19856
500,0,27.38737
500,0,16.49835
100,0,74.55961
300,1,85.11204
200,0,61.80151
400,1,50.0523
100,0,52.0899
300,0,64.77847
300,0,53.45375
400,1,53.88648
300,0,1.07237
400,1,48.53528
100,0,14.84597
100,0,98.02387
100,0,84.52334
200,0,63.76719
400,0,49.46112
100,0,14.14578
500,0,37.31106
100,0,51.04343
200,0,28.68046
100,0,82.11503
100,0,65.64059
200,0,25.17286
100,0,92.57053
400,1,72.3465
500,1,60.19951
300,0,18.55334
300,0,13.81171
400,0,10.41457
500,0,40.29622
400,0,2.132636
200,0,5.250251
400,0,58.67019
500,0,11.55219
100,0,37.30953
200,0,32.05339
100,0,53.96769
500,0,42.70859
200,0,81.34414
200,0,59.29768
200,0,0
300,1,79.03319
200,0,68.79575
300,0,15.82354
400,0,56.04267
200,0,46.40234
400,0,0
400,0,31.60882
100,0,57.42956
100,0,28.66925
400,0,45.84089
400,1,70.8432
500,1,40.10556
400,0,32.64478
200,0,101.6726
300,0,30.59721
300,0,28.37602
400,1,52.5074
200,0,42.9914
400,1,49.03558
300,1,73.88722
400,1,58.96301
200,0,91.74313
400,1,52.28366
500,0,10.06032
200,0,64.86526
500,0,12.52123
200,0,2.406005
100,0,93.28751
100,0,62.16385
500,0,26.95041
500,1,34.31321
300,0,62.60798
400,0,32.02031
100,0,83.29255
100,0,16.20474
500,0,26.90151
300,1,77.91687
100,0,36.73613
500,0,13.9484
400,1,76.81974
200,0,81.44726
100,0,92.07256
200,0,53.40865
200,0,87.27348
200,0,70.48492
100,0,62.14891
400,0,29.62405
400,1,44.08388
400,1,68.62933
200,0,77.22131
100,0,73.3738
300,1,69.54607
300,0,40.97816
200,1,82.76174
200,0,48.30605
400,0,52.50814
300,1,79.16883
300,1,82.31207
100,0,18.24379
100,0,11.741
300,0,43.44559
300,0,4.171878
200,0,17.75973
400,1,79.78135
300,0,71.32576
400,0,8.111578
400,0,41.05812
100,0,79.8539
300,0,18.91245
200,0,60.66383
400,1,85.41813
500,0,28.26425
200,0,0
500,1,51.81758
100,0,75.28906
400,0,12.07901
400,1,80.61794
300,0,53.11056
200,0,45.56373
300,0,15.49164
300,0,11.0657
400,0,43.78723
200,0,93.08755
500,0,0
200,0,76.59401
200,0,89.08092
300,0,55.95623
500,1,78.36171
500,0,29.67831
300,0,77.25732
500,0,39.04333
100,0,67.22589
300,1,69.88593
300,1,62.33174
500,1,74.15103
300,0,52.27106
100,0,58.20713
500,1,37.41234
100,0,27.0235
400,0,56.34251
500,0,15.73925
100,0,41.83142
400,0,17.11629
500,1,65.38395
200,0,38.96454
100,0,98.43802
200,0,21.69363
100,0,58.23388
300,0,35.98473
300,0,19.55161
300,0,4.301698
500,0,0
500,0,8.448721
100,0,83.18565
200,0,5.476979
100,0,32.83189
300,0,56.34508
100,0,83.2189
300,0,30.10479
100,0,56.20527
100,0,60.84775
100,0,51.36843
500,0,30.881
200,0,83.1833
400,1,81.08477
400,1,78.31029
500,1,62.3392
400,0,44.30153
300,0,8.773478
300,0,12.10004
300,0,29.76555
500,0,17.86729
500,1,57.56418
100,0,11.9388
200,0,61.08995
400,1,83.8714
400,0,50.36293
500,1,41.77463
400,0,29.05154
200,0,2.4429
500,0,23.46201
300,1,70.05057
100,0,69.44545
100,0,38.40952
500,1,42.03851
500,1,31.82521
300,1,75.51885
500,0,18.83521
200,0,81.81535
500,1,56.37074
400,1,83.65599
400,0,5.41612
500,1,57.97771
200,0,101.7254
300,0,10.76378
400,1,75.65028
500,1,39.6092
200,0,77.30898
300,1,76.12489
300,0,60.39806
400,1,41.43711
400,1,66.29108
400,0,52.92426
300,0,76.03353
400,0,38.626
200,0,79.42775
500,1,47.69124
100,0,74.44325
300,0,33.09784
200,0,34.51968
400,0,25.25595
500,1,45.62856
400,0,3.901668
300,0,29.64414
400,1,63.59615
400,1,56.96087
300,0,46.17572
300,0,54.67919
500,0,10.29357
200,0,21.40024
100,0,95.12783
400,1,69.10822
200,0,41.11003
300,0,59.36338
500,1,56.00152
500,0,42.43299
100,0,53.63895
100,0,40.86714
100,0,99.72483
400,1,62.41811
500,1,70.417
200,0,48.53766
500,0,11.15659
300,0,47.70004
200,0,81.61078
500,0,8.691055
300,0,22.8452
300,0,64.75179
100,0,42.37613
500,0,4.326368
500,1,73.505
300,0,6.613362
200,0,78.94108
200,0,69.82935
400,0,27.30201
100,0,62.80658
500,1,39.37117
500,0,35.33077
200,0,31.90795
500,1,71.98351
100,0,28.339
200,0,55.01949
200,0,95.35758
500,0,1.359825
400,0,49.99645
100,0,84.40141
100,0,28.46169
100,0,42.17859
500,1,26.78182
200,0,97.04971
100,0,40.1169
500,0,0
100,0,92.46029
500,1,83.51411
200,0,54.79268
500,1,69.79613
400,0,3.560181
500,1,52.69122
500,0,24.69563
500,0,7.64593
200,0,6.093381
400,0,31.08541
300,0,36.92611
500,1,65.61067
100,0,43.71146
100,0,83.26128
400,0,20.99345
500,1,37.29305
400,0,28.03977
300,0,50.3992
100,0,90.96767
100,0,24.34122
400,0,27.22901
400,0,31.49648
200,0,65.9173
100,0,6.027153
100,0,39.3266
100,0,56.77772
400,1,68.49148
100,0,82.71516
400,0,12.15391
100,0,13.41176
100,0,89.58672
200,0,89.33045
300,0,76.43771
400,0,58.24941
400,1,83.54819
200,0,20.24613
400,0,37.4348
500,1,43.25262
100,0,10.01415
400,0,14.06767
400,0,52.22143
100,0,88.56733
500,0,5.655881
100,0,77.51591
100,0,66.08313
200,0,32.53955
300,0,2.943709
200,0,42.28753
300,0,24.27788
100,0,43.098
500,0,22.95453
500,0,28.20605
200,0,36.34333
500,1,27.02571
500,0,14.36488
400,0,15.45098
400,0,0
300,0,70.55027
100,0,94.35838
100,0,88.254
100,0,32.53302
500,0,3.293733
100,0,71.12518
100,0,38.41647
100,0,106.3813
200,0,74.00171
300,0,47.06324
400,0,45.4882
200,0,88.10291
400,0,49.09662
400,1,74.98667
200,0,20.54249
200,0,5.765342
200,0,93.95484
400,1,63.57666
100,0,24.70334
200,0,50.82672
100,0,37.4491
400,1,45.40731
500,0,23.82539
200,0,0
200,0,8.113471
200,0,58.6744
100,0,80.202
500,1,47.12339
400,0,33.03214
300,0,50.42715
200,0,25.19757
300,0,47.18693
300,0,62.36964
300,1,75.50571
400,1,52.26633
300,0,19.28585
100,0,100.8868
500,1,86.35473
500,1,89.16677
100,0,64.82578
100,0,75.54848
300,0,7.342792
300,0,57.21833
100,0,45.97896
400,1,71.35667
200,0,39.9961
100,0,59.74084
400,0,51.29851
500,1,48.01424
400,0,22.30536
500,1,79.94913
500,1,84.57172
200,0,45.42532
300,0,67.8312
400,0,49.01365
200,0,0
400,0,48.92085
400,0,14.52925
300,1,78.51905
400,0,34.84529
200,0,28.67239
200,0,49.59048
500,0,22.79085
300,0,42.84294
200,0,50.84254
400,0,40.91904
500,1,71.91818
400,1,49.34138
400,0,29.37315
300,0,25.96278
300,0,10.08009
500,0,38.11649
200,0,18.82753
500,1,33.04869
400,1,65.28712
500,0,22.56033
200,0,69.93699
200,0,7.426039
200,0,67.63858
500,1,72.97114
100,0,69.7462
400,1,69.23485
100,0,8.255773
300,0,11.58874
200,0,89.12573
300,0,0
500,1,59.67548
500,1,25.9052
100,0,87.68094
100,0,101.4167
200,0,37.23285
500,0,28.88031
300,0,22.84614
300,1,59.75521
300,1,70.23862
100,0,83.01957
500,1,64.82861
100,0,45.97895
200,0,98.14011
100,0,73.66045
300,0,36.48922
300,1,68.19711
200,0,4.51298
400,0,39.63665
400,0,42.88144
100,0,38.26064
500,0,.0124953
400,0,8.292829
200,0,41.59494
100,0,16.81232
100,0,87.07874
500,0,42.79015
500,0,25.06699
500,1,55.09827
500,0,27.69784
500,1,45.88757
400,1,47.55155
400,0,27.43607
100,0,64.11531
200,0,32.3355
300,0,55.25218
400,0,17.48773
500,1,76.32701
400,1,48.2018
100,0,58.41429
200,0,47.91337
200,0,13.01137
400,0,0
300,0,66.93705
500,0,27.54244
300,0,12.57983
400,1,84.90958
500,1,78.15929
300,0,71.63132
400,0,34.44733
400,1,50.79864
400,1,63.03868
400,0,10.34903
200,0,56.19743
500,0,13.30664
400,0,13.45612
100,0,77.29102
500,0,27.69672
400,0,35.1557
200,0,0
400,0,23.9102
400,0,7.167477
100,0,73.62788
300,1,67.23244
200,0,41.28242
300,0,6.780181
300,0,31.17339
200,0,89.45958
100,0,65.72425
500,0,27.68857
400,0,54.13997
400,0,43.13688
100,0,13.15732
200,0,26.81947
400,0,53.12765
500,1,57.66745
200,0,22.87348
300,0,32.7191
200,0,35.46779
100,0,17.02151
100,0,69.74149
300,0,71.49764
200,0,33.13553
300,0,44.1541
300,1,73.75343
300,0,64.42109
100,0,90.68312
500,0,19.47276
100,0,92.67247
200,0,88.18508
300,1,73.16005
500,0,30.89187
400,1,42.16401
300,1,82.40042
100,0,41.35172
500,0,32.2181
400,1,73.28685
500,0,21.5517
400,1,66.19587
400,0,12.53847
300,0,18.46716
100,0,2.332512
300,0,5.241076
400,1,61.62137
300,0,81.54393
400,0,16.74408
500,1,27.84977
400,0,49.09041
300,0,24.69081
500,1,85.13474
100,0,41.87469
400,0,53.61887
400,1,81.61975
100,0,79.85136
400,1,42.05391
400,1,65.71848
100,0,99.43714
100,0,58.80659
500,0,15.45562
100,0,31.11888
100,0,60.77621
200,0,70.43293
200,0,58.20073
200,0,74.66582
200,0,18.2183
200,0,74.29482
200,0,82.37651
100,0,6.313058
300,0,49.75583
100,0,65.98158
500,0,0
500,1,24.30651
200,0,97.35505
100,0,49.57287
100,0,5.205854
300,0,11.92547
400,0,13.52074
300,0,72.58166
200,0,42.54183
100,0,9.274838
300,0,36.4269
100,0,12.10952
500,0,41.89444
200,0,28.88741
200,0,61.09488
300,0,11.80645
300,0,60.06208
100,0,85.15823
100,0,79.11116
500,0,28.58136
300,0,48.17385
300,0,72.46197
500,1,39.03311
500,0,0
200,0,52.10336
300,1,66.44818
500,1,26.41793
200,0,45.70862
100,0,72.24664
500,0,25.81492
200,0,45.83154
100,0,97.28689
400,0,39.50143
500,1,41.8611
300,0,6.938643
200,0,91.72646
500,0,19.96028
400,1,55.4001
500,1,29.03116
400,0,15.8351
100,0,91.69177
100,0,19.03015
200,0,69.41555
400,0,10.91403
500,1,43.5865
500,0,31.7948
200,0,10.07356
400,0,29.10842
100,0,11.81474
300,0,43.19735
300,0,36.82867
300,0,75.18493
500,1,50.69239
500,1,75.32195
500,0,23.94301
200,0,60.45233
300,0,37.12894
500,1,54.02304
200,0,9.636006
200,0,44.9472
300,0,45.309
500,0,13.41922
300,0,27.06026
300,0,20.03925
500,0,15.80838
200,0,69.72803
400,0,15.86968
200,0,65.45158
500,0,16.65143
300,1,71.7081
400,0,14.2835
400,0,41.3019
500,1,55.7737
500,1,15.46476
100,0,100.0455
100,0,93.89817
100,0,44.11968
400,1,53.36863
400,1,75.55388
100,0,51.83963
500,1,31.51801
400,1,74.71432
400,1,74.76208
200,0,32.12236
100,0,76.20619
400,0,12.77003
200,0,41.70017
500,1,36.86845
100,0,20.02618
100,0,49.2935
200,0,57.17768
100,0,24.26805
400,0,36.75532
300,1,82.55595
100,0,28.25695
100,0,23.12698
300,0,59.73022
500,1,59.27662
100,0,11.64856
500,1,22.63118
500,0,37.50109
500,0,15.49573
300,0,47.78195
100,0,101.445
300,0,11.56013
100,0,81.78416
500,1,48.41109
200,0,61.52745
200,0,77.35468
200,0,11.50627
100,0,91.14299
200,0,46.21457
200,0,76.98582
500,1,61.22866
500,0,18.94378
300,0,30.07244
100,0,51.0669
400,0,28.37815
400,1,56.41903
100,0,11.78172
300,0,26.91179
100,0,68.99438
300,0,22.13925
100,0,40.75615
200,0,18.81888
200,0,59.73623
500,0,22.44715
300,0,44.76445
200,0,65.73559
100,0,44.25194
400,0,17.44306
200,0,73.20486
200,0,95.83662
500,1,62.23119
100,0,71.147
200,0,94.9321
500,1,44.87384
400,0,18.37372
100,0,71.74082
300,0,15.4749
200,0,46.27206
400,0,32.67245
500,0,27.00115
500,1,45.63437
200,0,87.81094
100,0,82.85506
500,1,78.68176
100,0,46.07206
500,1,39.31955
500,1,59.30103
100,0,77.44972
100,0,38.52277
100,0,90.56311
100,0,56.27879
400,1,71.36032
400,0,52.24873
500,0,28.34263
100,0,92.19268
400,1,79.9687
500,1,55.86191
500,1,46.77949
500,1,56.67372
500,0,21.87156
500,0,8.551621
400,1,52.88567
100,0,53.71082
300,0,62.72778
400,1,54.18549
300,0,14.21408
400,1,74.35635
400,0,20.67798
100,0,57.76577
500,1,48.52951
200,0,67.5006
400,0,51.16387
500,0,16.8092
300,0,5.632126
300,1,61.34816
400,0,23.80187
400,0,29.64766
200,0,59.55832
200,0,9.502431
100,0,2.088977
400,0,23.60749
400,1,51.36015
100,0,0
200,0,7.84998
100,0,92.69239
100,0,76.69418
500,0,1.569065
300,0,.5283372
300,0,24.07616
400,1,81.27187
400,0,14.6416
300,0,62.56971
300,0,67.60744
100,0,98.49066
100,0,51.38047
500,1,72.49818
300,0,21.00306
500,1,70.06495
300,0,51.10704
300,0,9.105502
500,0,7.267952
400,1,57.76578
100,0,58.96934
100,0,71.6031
500,1,41.17872
100,0,75.00563
200,0,95.10677
300,0,2.653914
300,0,61.17321
200,0,91.01784
300,0,23.04996
500,1,77.23183
300,1,90.51933
200,0,36.21977
500,1,37.82219
200,0,63.05991
200,0,36.48805
300,1,72.98084
400,1,80.79815
300,0,65.50773
200,0,101.0924
100,0,25.40021
200,0,89.95693
200,0,43.82029
500,1,64.71325
100,0,89.32599
300,0,59.372
400,0,1.463354
300,0,54.42316
400,1,53.00734
200,0,33.26284
300,0,74.16102
400,1,64.7181
500,1,72.12407
100,0,27.69546
100,0,48.78816
500,0,39.38169
500,1,81.39317
100,0,65.22315
400,1,80.00936
100,0,65.57349
500,0,8.761268
100,0,95.23575
300,0,75.09837
100,0,92.01684
500,1,47.57631
300,1,79.42626
200,0,84.45717
500,1,31.24119
100,0,83.78584
200,0,83.25313
500,1,70.70322
200,0,36.61504
200,0,105.3724
200,0,46.15634
100,0,16.40922
500,1,59.82055
500,1,51.39329
100,0,46.99927
500,0,38.91137
500,0,34.28135
300,0,20.57382
300,0,12.43509
400,0,8.235625
100,0,74.5081
200,0,27.17557
300,1,82.34886
400,0,47.17742
200,0,0
500,0,16.33405
100,0,7.01251
400,1,69.27585
300,0,77.71136
400,1,42.21667
400,0,35.90301
500,0,2.35371
300,0,74.6933
500,1,76.09393
400,0,5.70595
300,0,69.31733
400,0,25.07451
400,1,54.19303
500,1,73.96258
400,0,0
200,0,19.43668
300,0,8.941826
300,0,60.77343
400,1,57.72227
200,0,6.946108
300,0,74.95287
400,1,80.10918
300,1,60.93337
300,0,56.46171
400,0,44.42656
400,1,79.42832
500,1,49.44029
300,0,35.06936
200,0,37.82435
200,0,41.79675
400,0,17.45495
400,1,71.77201
500,1,28.68461
200,0,60.71681
100,0,89.23558
100,0,27.13119
100,0,81.81461
400,1,57.69783
300,1,78.05337
200,0,17.02347
200,0,18.599
500,1,28.5097
400,0,39.01799
200,0,69.34365
100,0,80.85871
400,1,63.55223
400,0,27.57549
200,0,95.41526
200,0,8.987991
100,0,46.42019
500,0,44.57222
500,1,64.64428
400,0,37.04103
100,0,12.71528
400,1,55.09805
200,0,69.87412
100,0,10.34703
300,0,73.30602
200,0,20.59608
200,0,22.26182
500,1,37.59915
300,0,24.08433
400,0,38.25006
400,1,71.62813
400,0,47.9069
400,1,64.91338
500,1,58.83963
400,1,68.34798
400,0,3.353518
500,0,4.167802
100,0,74.16164
100,0,69.03882
400,0,46.17175
400,1,71.24268
200,0,76.24066
100,0,18.96433
300,1,71.77924
400,0,52.52765
300,0,65.21642
400,0,20.85999
200,0,20.94794
400,1,74.94613
300,0,51.11318
300,0,71.50451
200,0,33.18388
100,0,90.30865
500,0,2.668612
500,1,46.60722
400,1,67.32401
400,0,53.04795
100,0,6.539863
500,1,30.02744
300,0,29.73838
200,0,41.83341
100,0,91.25641
500,1,74.50993
100,0,37.97197
300,0,25.68122
300,1,78.60965
300,0,4.016487
100,0,87.37074
100,0,99.48404
300,0,13.96205
100,0,53.26913
300,0,8.9502
300,0,62.64843
400,0,37.9749
500,1,51.3987
400,0,28.05109
300,1,94.174
300,0,44.7745
100,0,55.99313
100,0,92.41796
400,0,39.77999
300,0,79.04094
200,0,70.69457
400,0,53.64185
200,0,68.08798
100,0,95.07658
400,1,52.5506
200,0,71.45356
500,1,57.43727
200,0,59.89515
300,0,69.27271
100,0,53.91083
400,1,68.15596
500,1,52.99741
300,0,75.02752
100,0,23.70387
100,0,81.99039
200,0,32.94693
100,0,47.76171
200,0,91.31455
500,1,70.20369
500,1,69.43919
200,0,45.84706
500,0,30.47416
400,0,30.72895
400,0,0
100,0,12.3133
200,0,12.89169
300,0,26.80228
400,0,42.36482
500,1,81.89861
300,0,70.78415
100,0,98.18311
300,0,17.5894
500,0,41.45138
300,0,63.11637
100,0,10.95788
500,0,5.646353
100,0,96.42226
300,0,3.894908
500,0,31.97437
500,1,69.27946
400,0,35.5068
400,0,39.62828
500,0,30.20237
300,1,88.02324
300,0,4.107409
300,1,68.03472
200,0,78.99801
500,1,36.59288
200,0,78.72381
100,0,66.87527
200,0,39.58606
400,0,20.20674
400,0,13.45511
500,1,34.4296
500,0,18.85055
500,1,80.27879
500,0,38.21825
400,0,32.78786
200,0,52.03569
400,0,0
100,0,17.83223
300,0,16.07601
200,0,57.74629
400,1,57.39421
500,1,25.21585
100,0,60.67695
300,1,71.33149
200,0,71.81355
300,0,50.5442
500,1,25.51516
300,0,37.44921
500,1,86.82577
200,0,15.31997
200,0,38.01582
300,0,67.16804
400,0,63.02997
100,0,75.63438
100,0,48.37606
500,1,16.92125
200,0,30.88969
100,0,100.6855
100,0,49.1646
100,0,92.39645
500,1,47.28371
100,0,56.08177
200,0,40.68727
500,1,69.18579
200,1,76.48241
200,0,70.74155
300,0,46.99144
400,1,61.21325
100,0,2.448953
500,1,87.12339
100,0,35.50285
400,0,52.57137
300,0,50.14079
200,0,7.085509
500,1,33.22658
100,0,34.26846
300,0,2.995038
400,0,17.66742
400,1,61.07794
200,0,53.99998
200,0,13.63847
500,1,61.49522
100,0,19.10558
100,0,67.84461
300,0,0
200,0,79.86919
100,0,95.83614
300,0,22.65625
400,0,32.83921
100,0,77.66914
200,0,75.36037
100,0,62.50233
200,0,0
300,0,6.690037
500,1,31.78795
300,1,73.28088
300,0,.1507875
500,0,30.01311
500,0,39.63593
500,0,.8685845
200,0,6.55765
500,1,37.90513
500,1,35.22354
400,1,79.49902
500,1,56.42398
300,1,86.02358
200,0,92.26485
400,0,3.031907
300,0,72.10631
400,0,.7781727
100,0,7.295974
100,0,81.17577
300,0,59.25841
500,1,49.92972
400,0,38.19084
300,0,20.44081
300,0,38.22313
200,0,84.18642
200,0,92.34479
300,0,25.01128
200,0,46.43539
500,0,13.15914
400,1,60.02654
100,0,59.56807
300,0,51.28376
200,0,61.39232
300,0,55.57053
300,0,5.768631
400,1,71.39172
300,1,86.62
200,0,14.18947
500,0,.323801
300,0,57.19361
400,0,33.14268
200,0,78.55661
200,0,33.5979
300,1,82.15144
500,1,78.41956
100,0,72.75555
100,0,37.4393
300,0,67.46713
200,0,20.68585
300,0,57.72639
500,1,67.3687
400,1,77.34026
300,0,76.93819
100,0,27.82375
400,0,35.66319
400,0,63.83019
400,0,25.43349
400,1,52.19762
200,0,98.56704
200,0,11.08101
500,1,65.0938
500,1,56.33761
100,0,44.08688
400,1,75.98277
100,0,83.71808
400,1,39.65688
500,1,63.53876
200,0,88.13556
100,0,61.12377
400,1,48.33018
300,0,58.49133
500,0,23.22015
400,0,0
400,1,55.56147
300,0,0
500,0,14.53948
500,1,50.24713
500,1,67.26405
200,0,61.82431
100,0,76.2452
500,1,45.37771
400,0,32.76872
100,0,52.16399
300,1,77.99404
100,0,62.01301
100,0,21.4636
200,0,89.18847
500,1,66.35056
300,0,72.56377
200,0,22.16796
400,0,47.22316
200,0,52.64769
100,0,43.70048
300,0,48.41247
200,0,57.50676
200,0,37.24162
400,1,69.23718
100,0,69.47584
500,1,46.84335
100,0,87.04271
500,0,41.01646
100,0,31.59647
300,0,64.44994
200,0,22.54844
200,0,19.9292
300,0,83.6797
400,0,12.48515
500,1,66.79887
200,0,40.12708
100,0,60.09668
100,0,74.02747
300,0,0
100,0,11.42661
300,0,33.41364
400,1,84.41544
100,0,38.57906
300,0,70.82041
500,1,83.96375
400,0,9.907996
300,0,27.85259
500,1,77.2244
200,0,12.12588
300,0,68.93526
400,1,53.76451
300,0,39.21315
300,1,81.42693
300,0,43.07887
500,0,0
500,1,69.36632
300,0,21.62607
300,0,20.53556
400,0,11.35787
400,0,34.75547
300,0,8.361959
300,1,62.65699
200,0,89.88682
500,1,34.43526
300,1,76.27721
300,1,74.43645
500,1,42.94306
400,0,11.23712
500,1,85.44455
200,0,73.87533
100,0,30.19198
500,1,37.43719
500,0,34.23692
100,0,25.97711
100,0,42.18239
500,0,16.94021
300,0,5.297843
200,0,3.879346
500,1,86.42384
500,1,27.15985
500,0,20.78375
300,0,13.82578
500,1,47.88165
200,1,76.45183
500,1,51.23699
100,0,23.34468
400,1,67.81107
300,0,6.414932
500,0,4.241035
100,0,88.01983
400,0,36.00301
400,1,59.74532
100,0,96.53616
400,1,82.05018
200,0,60.01509
300,0,50.8847
100,0,27.94053
300,0,9.618656
200,0,10.66846
100,0,32.04074
500,0,9.462727
300,0,19.28594
400,0,53.21575
100,0,95.61585
100,0,96.47086
400,1,49.96611
400,1,43.16146
300,0,54.62753
200,0,76.56665
500,0,31.08405
500,0,18.52802
100,0,59.25293
100,0,36.97507
400,0,27.57858
200,0,26.79284
400,0,45.49165
500,0,38.67917
200,0,12.45426
500,0,36.33765
500,1,89.23444
300,1,67.1909
400,0,11.97929
300,0,23.456
400,0,56.31543
400,1,70.05055
300,0,43.84566
500,1,65.20148
500,1,31.57986
300,0,37.39146
300,0,30.19416
500,1,54.33637
200,0,43.44462
400,0,31.4353
100,0,94.47482
200,0,35.72855
100,0,10.82753
100,0,31.0178
500,1,27.22345
100,0,20.9731
400,0,47.55959
200,0,18.12643
200,0,68.14619
400,0,26.3487
200,0,8.490029
100,0,0
100,0,23.16403
100,0,95.81097
200,0,48.60476
500,0,17.02917
500,1,46.05146
500,1,53.83624
200,0,37.21288
300,0,55.88573
400,0,37.10053
200,0,35.31407
100,0,37.65604
500,0,5.502047
300,0,61.61923
300,0,1.756244
300,1,83.06813
300,0,1.438218
400,0,35.19163
400,0,0
400,0,50.37998
200,0,22.01005
300,0,1.087355
300,1,81.60458
200,0,34.69936
300,0,21.95693
400,0,7.764366
100,0,15.80214
500,1,26.68493
400,0,20.09058
300,0,57.15668
200,0,1.01225
200,0,52.48586
300,0,41.60246
100,0,76.71407
500,0,0
400,0,54.07605
300,0,41.42193
500,0,13.05612
200,0,35.16069
400,1,82.51759
500,1,20.8457
200,0,19.75251
500,1,29.19346
200,0,101.5064
300,0,45.71048
100,0,65.13683
400,1,53.34801
100,0,99.32301
200,0,41.69309
500,1,32.79694
500,1,30.20663
400,1,59.15901
200,0,57.68132
100,0,29.36507
100,0,67.991
100,0,0
400,0,0
200,0,61.80286
100,0,7.111112
100,0,6.530371
300,1,74.73515
300,0,6.55635
100,0,29.41972
300,0,41.19297
500,1,55.37663
200,0,23.58171
500,0,14.06285
300,0,20.59857
500,1,62.8662
400,0,21.72102
100,0,64.15739
100,0,11.01524
100,0,31.11367
200,0,90.11365
200,0,26.29536
500,1,35.95334
500,1,38.9149
300,1,80.39334
300,1,84.77914
400,1,73.86487
100,0,70.89752
100,0,23.60794
300,1,71.10757
200,0,94.09649
300,1,86.40453
200,0,58.81047
200,0,15.70323
200,0,68.44463
500,1,39.49186
500,0,13.55409
200,0,6.688041
200,0,1.070604
200,0,66.19952
500,0,18.16596
300,0,44.19579
300,1,77.53207
400,0,11.55091
200,0,63.63598
400,0,41.86639
300,0,38.03537
400,1,53.06948
400,0,27.15551
300,1,90.38709
500,1,72.44193
200,0,31.10345
300,0,80.2281
200,0,8.690121
200,0,1.291827
300,0,28.7859
100,0,95.34245
100,0,69.8307
300,0,14.11973
100,0,3.878763
300,0,40.60233
400,0,57.69678
100,0,86.79694
300,0,25.91574
500,1,69.77841
300,0,39.39736
300,0,51.92098
300,0,35.61999
100,0,74.14006
500,0,24.35838
300,1,89.16575
100,0,5.416872
200,0,26.8249
200,1,89.99387
300,0,49.35096
100,0,49.70075
500,0,1.52743
200,0,46.16862
200,0,36.37096
500,1,29.33202
300,1,71.80964
500,0,31.61085
500,1,44.31506
100,0,.2736376
300,0,42.18663
400,0,33.59163
100,0,35.67327
100,0,15.49056
300,0,42.26948
200,0,30.09288
400,0,6.573055
400,0,36.26299
200,0,69.8969
100,0,84.30278
200,0,60.39057
200,0,23.16458
400,1,52.59755
400,1,45.06526
500,1,29.33714
400,0,52.18684
500,0,36.14341
200,0,83.49375
500,0,39.6752
300,0,29.16493
300,0,54.68463
300,0,27.56651
100,0,55.1021
100,0,18.31163
200,0,32.4481
400,0,51.37796
400,0,55.04472
400,0,32.01527
500,0,26.18085
500,1,29.49165
300,1,75.19086
400,1,52.46797
400,0,13.91205
500,0,31.25978
100,0,57.28943
200,0,43.44989
300,0,72.24098
100,0,96.57726
200,0,29.76827
400,0,2.304953
200,0,68.2677
300,1,79.13068
200,0,13.60904
400,0,8.283119
300,0,1.525742
200,0,53.21303
400,1,58.72264
500,0,13.43318
200,0,95.42205
300,1,79.46688
100,0,4.728911
400,1,60.75415
400,1,56.92558
300,1,73.92892
500,1,27.54092
400,0,31.77223
200,0,75.11005
300,1,68.10773
100,0,73.93775
200,0,89.58544
200,0,41.36378
300,0,67.19099
400,1,44.53476
200,0,55.06618
200,0,47.14344
100,0,29.26691
100,0,43.4119
500,0,34.42687
300,0,23.02259
300,0,27.8429
400,0,21.94534
200,0,56.91074
500,0,29.8442
400,1,57.62136
400,1,57.26577
200,0,91.4409
500,0,35.96898
300,0,12.66305
100,0,95.40191
200,0,64.76963
300,1,78.2375
300,1,85.21976
300,1,70.10377
500,1,51.51786
100,0,62.70558
300,0,38.01408
500,0,30.97174
200,0,64.87782
200,0,31.68316
300,0,43.19653
300,0,76.78175
200,0,36.62797
500,1,66.31535
200,0,19.14087
500,0,31.71956
500,1,56.74054
500,1,79.95338
300,0,71.88441
100,0,84.54577
400,1,90.36717
200,0,96.83904
200,0,67.07977
100,0,32.98132
100,0,40.27994
400,0,22.39944
100,0,104.722
400,0,7.187174
300,1,86.47605
100,0,39.92809
400,0,19.04926
400,0,25.41086
500,1,50.98795
200,0,61.45749
300,1,89.32633
300,0,10.65326
500,0,9.624734
400,0,49.26703
100,0,28.49897
200,0,84.36523
500,0,12.50671
400,1,63.63881
200,0,68.83008
100,0,22.06122
200,0,25.22672
300,1,84.36402
200,0,1.412325
100,0,53.69881
400,0,1.923551
300,0,74.70087
100,0,15.80535
100,0,29.76994
400,0,19.70609
400,0,4.646892
100,0,83.0501
100,0,65.72632
200,0,.1563852
500,1,54.8609
400,0,14.82196
500,1,60.37031
300,0,24.05385
100,0,75.00864
500,1,40.29569
300,0,47.80228
200,0,28.74371
200,0,43.60368
200,0,85.74419
300,0,75.30502
100,0,0
500,1,43.86058
300,0,64.21101
400,0,9.973968
300,0,25.20786
500,0,3.057101
200,0,86.22093
100,0,55.62092
400,0,22.99868
300,1,77.92847
200,0,34.91288
300,0,76.83395
200,0,22.11239
400,0,30.01134
400,1,35.64738
500,0,30.50747
400,0,49.92244
100,0,47.57117
500,1,31.24485
500,0,31.63391
400,0,24.97013
100,0,23.10317
400,0,63.49462
200,1,86.65842
300,0,59.80019
300,0,67.72858
200,0,1.38581
100,0,96.78931
300,0,53.85713
200,0,38.80753
300,0,57.46218
200,0,62.25501
300,0,17.42553
100,0,98.32861
300,1,92.64842
100,0,15.64516
300,0,20.93526
500,0,26.77955
500,1,70.05228
200,0,62.50235
200,0,29.67209
500,0,33.53361
400,1,45.80303
500,0,36.18162
300,0,27.80995
500,1,47.70452
400,0,39.41337
500,1,34.36136
400,0,13.9351
500,1,53.4943
500,1,24.91893
300,0,4.555403
200,0,82.86945
300,1,75.98977
200,0,95.32481
100,0,73.58983
400,1,73.88995
200,0,16.90236
200,0,69.72535
200,0,79.59932
500,1,36.23696
400,0,36.66014
200,0,33.92818
500,1,46.17939
200,0,27.89133
200,0,64.18881
500,0,2.253164
200,0,69.0926
200,0,36.79858
100,0,5.288428
400,1,59.70933
200,0,32.82478
400,1,80.83326
400,0,49.47929
100,0,17.48627
500,0,27.5309
400,1,90.46081
300,0,57.65021
300,0,53.86004
200,0,22.78944
200,0,61.53284
500,0,2.3554
300,0,46.84061
500,1,73.76672
100,0,5.373431
100,0,35.85625
200,0,55.17141
100,0,21.69766
500,1,59.11336
500,0,28.81028
100,0,28.09263
200,0,82.58602
200,0,22.22635
500,1,40.65661
100,0,88.52216
100,0,90.70209
300,0,40.42155
400,0,56.15797
200,0,37.99432
300,0,64.85598
500,1,56.77821
200,0,69.50135
200,0,70.90333
100,0,60.77158
100,0,88.16959
100,0,69.64779
400,1,56.29006
200,0,58.03725
400,1,54.69937
200,0,5.151948
400,0,27.50142
400,0,43.9996
500,0,15.46363
400,1,37.35129
300,0,33.35456
400,0,19.09169
200,0,0
400,0,2.955436
100,0,64.17227
100,0,53.94981
300,0,49.76675
400,1,59.62613
200,0,94.67278
100,0,41.14154
200,0,38.56724
200,0,60.44463
400,0,53.66211
300,0,75.18037
100,0,50.75677
100,0,15.00706
500,1,37.32052
300,0,31.95664
200,0,90.00018
300,0,62.65373
500,0,23.40504
200,0,32.37304
500,0,20.95384
400,1,66.4082
300,0,47.23257
100,0,66.89279
100,0,43.33443
300,1,75.61219
200,0,62.25046
500,1,40.40399
400,1,56.44897
500,0,22.843
300,0,45.8662
100,0,88.37038
300,0,66.16133
300,0,2.13663
500,0,21.72332
500,0,40.65849
200,0,59.6754
500,1,25.61056
300,0,0
200,0,86.3092
200,0,0
200,0,56.5937
500,1,71.38978
100,0,28.93714
300,1,64.4037
200,0,85.49809
400,0,45.2316
400,0,52.60385
100,0,103.5604
100,0,89.30223
500,1,54.15704
200,0,77.37322
100,0,23.27847
200,0,25.11617
500,1,67.02666
300,0,49.79436
500,1,47.0454
100,0,16.81699
100,0,53.51775
300,0,33.11332
400,0,40.61145
400,1,82.28316
200,0,103.1879
200,0,89.70586
200,0,44.38358
100,0,43.80163
300,0,5.885088
300,1,76.7096
400,1,91.56351
200,0,20.07598
